Equipo,Clasificacion_por_Puntos,Partidos_Jugados,Partidos_Ganados,Partidos_Perdidos,Sets_a_Favor,Sets_en_contra,Puntos_a_Favor,Puntos_en_Contra,Resultados_3-0,Resultados_3-1,Resultados_3-2,Resultados_2-3,Resultados_1-3,Resultados_0-3,Coef_Sets,Coef_Puntos,Sanciones,Posicion_final_act,Temp,0,1,Posicion_final_Ant,Eficacia_Recepcion_Fin,Eficacia_Ataques_Punto_Fin,Efectividad_Saque_Fin,Efect_Bloqueo_Fin,Coef_Efec_Puntos_Fin,Eficacia_Recepcion_Ini,Eficacia_Ataques_Punto_Ini,Efectividad_Saque_Ini,Efect_Bloqueo_Ini,Coef_Efec_Puntos_Ini
Gran_Canaria,54.0,22.0,18.0,4.0,60.0,23.0,1964.0,1710.0,9.0,7.0,2.0,2.0,2.0,0.0,261.0,1148.0,-,1,23/24,,,1,0.618,0.372,0.05228369485093637,0.522778349106171,7.720513197328986,0.6642857142857144,0.37,0.055022905108145774,0.548859543817527,8.532478933217849
Avarca_de_Menorca,50.0,22.0,17.0,5.0,54.0,29.0,1853.0,1758.0,5.0,10.0,2.0,1.0,1.0,3.0,186.0,1054.0,-,2,23/24,,,2,0.5344444444444445,0.30444444444444446,0.0440800347443733,0.29749590500238415,5.418760500178125,0.6799999999999999,0.33999999999999997,0.052334071126903366,0.3891206806225026,7.483053695786615
Libby's_La_Laguna,42.0,22.0,14.0,8.0,46.0,31.0,1719.0,1628.0,8.0,5.0,1.0,1.0,2.0,5.0,148.0,1056.0,-,3,23/24,,,3,0.6555555555555556,0.39555555555555555,0.04704397394459828,0.4225693968064718,5.620205761316872,0.6980000000000001,0.25,0.051122883200557225,0.2848170386314716,6.487172425517447
Sant_Cugat,39.0,22.0,14.0,8.0,50.0,37.0,1916.0,1829.0,6.0,3.0,5.0,2.0,4.0,2.0,135.0,1048.0,-,4,23/24,,,5,0.495,0.3225,0.048202013527176235,0.22083014978848312,7.522752192982456,0.49333333333333335,0.33499999999999996,0.05183125363858904,0.1958097454103499,4.608479986197378
Dos_Hermanas,39.0,22.0,13.0,9.0,48.0,38.0,1940.0,1808.0,5.0,5.0,3.0,3.0,3.0,3.0,126.0,1073.0,-,5,23/24,,,4,0.7100000000000001,0.2818181818181818,0.047826916895769706,0.3461252962928707,6.301312071766617,0.5860000000000001,0.27,0.039052953368449925,0.4009128552606813,4.821652421652422
Socuellamos,35.0,22.0,11.0,11.0,44.0,41.0,1901.0,1866.0,5.0,4.0,2.0,4.0,3.0,4.0,107.0,1019.0,-,6,23/24,,,6,0.588,0.323,0.049674139591656306,0.35044411162151184,8.324002415458938,0.6628571428571428,0.39142857142857146,0.033791755271379766,0.3640187604381978,7.29656234035116
Emeve,31.0,22.0,11.0,11.0,40.0,41.0,1751.0,1772.0,6.0,2.0,3.0,1.0,5.0,5.0,98.0,988.0,-,7,23/24,,,9,0.53,0.272,0.09595288747151821,0.2639174762926966,5.744935064935065,0.49142857142857144,0.3071428571428571,0.036106007218272125,0.3627063772809058,6.475850340136055
Heidelberg,30.0,22.0,11.0,11.0,43.0,46.0,1941.0,1944.0,3.0,3.0,5.0,2.0,6.0,3.0,93.0,998.0,-,8,23/24,,,11,0.72,0.24875,0.05479927065996173,0.3084551233577405,6.487337662337662,0.5116666666666667,0.25,0.04542860942826743,0.3809386973180076,3.952521244187911
Haro_Rioja,29.0,22.0,8.0,14.0,38.0,43.0,1773.0,1787.0,7.0,1.0,0.0,5.0,4.0,5.0,88.0,992.0,-,9,23/24,,,8,0.6177777777777778,0.29333333333333333,0.04043483332374933,0.2043649486167626,5.580019989565914,0.6844444444444444,0.22,0.039824542425688274,0.1315967898159679,3.5153519320185986
Sayre,27.0,22.0,9.0,13.0,32.0,46.0,1649.0,1731.0,4.0,3.0,2.0,2.0,1.0,10.0,70.0,953.0,-,10,23/24,,,7,0.6211111111111111,0.2822222222222222,0.04765731028567669,0.4038483878451954,5.373785473785474,0.526,0.316,0.045772688607663446,0.1857937814463586,5.245
Alcobendas,12.0,22.0,4.0,18.0,21.0,59.0,1617.0,1874.0,1.0,1.0,2.0,2.0,5.0,11.0,36.0,863.0,-,11,23/24,,,10,0.50375,0.26875,0.05658322373792427,0.27129469066266443,6.114403090781767,0.6333333333333333,0.3033333333333333,0.05694765451164716,0.3187564096676922,6.546632996632996
Santa_Cruz_Cuesta_Piedra,8.0,22.0,2.0,20.0,19.0,61.0,1558.0,1875.0,1.0,1.0,0.0,2.0,9.0,9.0,31.0,831.0,-,12,23/24,,,13,0.6272727272727273,0.3372727272727273,0.055388022185776986,0.2004091607317414,4.299853628561762,,,,,
Gran_Canaria,61.0,22.0,21.0,1.0,63.0,12.0,1814.0,1452.0,14.0,5.0,2.0,0.0,0.0,1.0,525.0,1249.0,-,1,22/23,,,1,0.6466666666666667,0.3422222222222222,0.05083580549370148,0.5039043970078453,6.756984969053935,0.68,0.3016666666666667,0.08244960493726378,0.2822785679928537,5.87563492063492
Avarca_de_Menorca,51.0,22.0,15.0,7.0,57.0,27.0,1983.0,1749.0,9.0,6.0,0.0,6.0,0.0,1.0,211.0,1134.0,-,2,22/23,,,5,0.701,0.301,0.049262010740275926,0.3889799651197355,6.80557986699291,0.49272727272727274,0.31,0.05663033172889831,0.39530064566789647,7.097597883400022
Libby's_La_Laguna,49.0,22.0,18.0,4.0,56.0,30.0,1995.0,1801.0,5.0,8.0,5.0,0.0,2.0,2.0,187.0,1108.0,-,3,22/23,,,2,0.524,0.354,0.06529095805286081,0.4900346899838567,8.560365938546783,0.5725,0.3,0.07318421022718415,0.35935286935286936,8.539171476671477
Dos_Hermanas,47.0,22.0,15.0,7.0,52.0,26.0,1816.0,1656.0,11.0,3.0,1.0,3.0,1.0,3.0,200.0,1097.0,-,4,22/23,,,7,0.5966666666666667,0.32,0.05450843307330837,0.49455254436679386,7.157790440012663,0.7,0.31,0.04793256104167121,0.5033651026392961,6.981125541125541
Sant_Cugat,35.0,22.0,12.0,10.0,44.0,40.0,1836.0,1799.0,5.0,4.0,3.0,2.0,4.0,4.0,110.0,1021.0,-,5,22/23,,,4,0.49400000000000005,0.32599999999999996,0.04627293976464431,0.21373445989881815,6.095885093167702,0.5700000000000001,0.43571428571428567,0.04982985535157447,0.23371626765108372,6.932419432419432
Socuellamos,34.0,22.0,11.0,11.0,44.0,42.0,1888.0,1875.0,5.0,3.0,3.0,4.0,3.0,4.0,105.0,1007.0,-,6,22/23,,,3,0.654,0.35300000000000004,0.03637948179679135,0.3579055871109346,5.570723508375682,0.4816666666666667,0.27499999999999997,0.04001670773654613,0.2440341300691975,7.1635101010101
Sayre,33.0,22.0,11.0,11.0,42.0,41.0,1819.0,1792.0,6.0,2.0,3.0,3.0,3.0,5.0,102.0,1015.0,-,7,22/23,,,10,0.5328571428571428,0.2857142857142857,0.054183992314010644,0.25171858216971,5.829849515563802,0.48,0.15,0.02922077922077922,0.32996632996632996,4.9935064935064934
Haro_Rioja,28.0,22.0,10.0,12.0,40.0,48.0,1926.0,1972.0,3.0,2.0,5.0,3.0,4.0,5.0,83.0,977.0,-,8,22/23,,,6,0.601,0.273,0.054735217202739536,0.22431875662909198,6.333073593073593,0.5771428571428572,0.3685714285714286,0.0479870311634058,0.3508797268288209,8.625491821858763
Emeve,27.0,22.0,8.0,14.0,41.0,49.0,1929.0,1973.0,4.0,1.0,3.0,6.0,5.0,3.0,84.0,978.0,-,9,22/23,,,8,0.6245454545454545,0.33090909090909093,0.037748501516404666,0.36035902244141,6.536091433818706,0.69125,0.41875,0.056695804075500976,0.2792377860235003,5.638371212121212
Alcobendas,17.0,22.0,6.0,16.0,29.0,56.0,1784.0,1952.0,1.0,2.0,3.0,2.0,7.0,7.0,52.0,914.0,-,10,22/23,,,9,0.655,0.29100000000000004,0.046219662166518016,0.31899042191298577,7.07038961038961,0.48142857142857143,0.19571428571428573,0.03990233289521858,0.26638171225937185,3.2960557960557963
Heidelberg,8.0,22.0,3.0,19.0,17.0,60.0,1495.0,1850.0,1.0,1.0,1.0,0.0,8.0,11.0,28.0,808.0,-,11,22/23,,,13,0.48384615384615387,0.2692307692307692,0.04347985447376393,0.38509470741179097,3.905510577908768,,,,,
Madrid_Chamberi,6.0,22.0,2.0,20.0,8.0,62.0,1328.0,1742.0,0.0,2.0,0.0,0.0,2.0,18.0,13.0,762.0,-,12,22/23,,,13,0.5036363636363637,0.25545454545454543,0.06670479304388628,0.38695397822516464,4.690044584602001,,,,,
Gran_Canaria,54.0,22.0,20.0,2.0,62.0,23.0,1972.0,1707.0,9.0,5.0,6.0,0.0,2.0,0.0,270.0,1155.0,-,1,21/22,,,13,0.597,0.41899999999999993,0.06470173479310694,0.3821148043471141,5.7200912128806864,0.583,0.34900000000000003,0.08427155918635128,0.37912083487027254,5.6664276055249685
Libby's_La_Laguna,52.0,22.0,17.0,5.0,56.0,21.0,1816.0,1571.0,12.0,4.0,1.0,2.0,1.0,2.0,267.0,1156.0,-,2,21/22,,,3,0.58375,0.36,0.062236222876502115,0.3782171334023996,7.415178571428571,0.73625,0.3825,0.04852028127276157,0.4323334842678802,10.668311688311688
Socuellamos,45.0,21.0,15.0,6.0,50.0,30.0,1884.0,1765.0,8.0,2.0,5.0,2.0,1.0,3.0,167.0,1067.0,-,3,21/22,,,6,0.5133333333333333,0.31555555555555553,0.05009781597185996,0.2988014493124355,7.453389236036295,0.54,0.41,0.05040632383909379,0.44630924720730547,11.269545454545455
Sant_Cugat,36.0,22.0,11.0,11.0,45.0,40.0,1862.0,1780.0,6.0,3.0,2.0,5.0,2.0,4.0,112.0,1046.0,-,4,21/22,,,5,0.56,0.3025,0.05868874819608639,0.22373250342546747,6.828282828282829,0.5528571428571428,0.2885714285714286,0.0650674756948527,0.23400704715017953,7.2521645021645025
Avarca_de_Menorca,35.0,22.0,12.0,10.0,44.0,39.0,1849.0,1812.0,6.0,3.0,3.0,2.0,4.0,4.0,113.0,1020.0,-,5,21/22,,,4,0.6066666666666667,0.3983333333333334,0.04851022785510404,0.42128444922504715,5.882519841269841,0.549,0.333,0.06045711466748627,0.408271319844289,8.472683427683426
Haro_Rioja,35.0,22.0,11.0,11.0,45.0,43.0,1933.0,1906.0,4.0,4.0,3.0,5.0,2.0,4.0,105.0,1014.0,-,6,21/22,,,7,0.5027272727272728,0.3227272727272727,0.041798442132355576,0.2697534815862117,6.4595055413469735,0.4975,0.245,0.06066000079718641,0.2617798867798868,8.411796536796537
Dos_Hermanas,29.0,22.0,11.0,11.0,39.0,46.0,1803.0,1882.0,3.0,3.0,5.0,1.0,4.0,6.0,85.0,958.0,-,7,21/22,,,8,0.5458333333333333,0.2725,0.03863651852906151,0.4474012689370271,6.639732258482258,0.5,0.37777777777777777,0.07851567425219647,0.4053523287166425,4.32000407000407
Emeve,29.0,22.0,8.0,14.0,42.0,51.0,1912.0,1957.0,2.0,3.0,3.0,8.0,2.0,4.0,82.0,977.0,-,8,21/22,,,9,0.6864285714285714,0.3821428571428571,0.07963458127325677,0.49811804719758884,5.215024303182198,0.6542857142857142,0.2342857142857143,0.08249281108843733,0.47787551384190047,6.192253360674414
Alcobendas,28.0,22.0,9.0,13.0,40.0,44.0,1798.0,1824.0,6.0,1.0,2.0,3.0,7.0,3.0,91.0,986.0,-,9,21/22,,,1,0.458,0.251,0.052726778510577076,0.24126898953254478,6.334632034632035,0.6033333333333334,0.5266666666666667,0.04884987771107473,0.26881720430107525,6.612023353402663
Sayre,28.0,22.0,9.0,13.0,37.0,48.0,1827.0,1861.0,3.0,3.0,3.0,4.0,2.0,7.0,77.0,982.0,-,10,21/22,,,10,0.54875,0.28875,0.043635546154808635,0.26076535452861827,6.548345295055821,0.47333333333333333,0.2916666666666667,0.06336700210365173,0.46634680134680134,4.099754631333579
Barça,19.0,22.0,7.0,15.0,27.0,55.0,1715.0,1888.0,1.0,2.0,4.0,2.0,2.0,11.0,49.0,908.0,-,11,21/22,,,13,0.6533333333333333,0.25666666666666665,0.07678133384205287,0.25503334039996894,5.519047619047619,,,,,
Leganes,6.0,21.0,1.0,20.0,13.0,60.0,1424.0,1842.0,1.0,0.0,0.0,3.0,4.0,13.0,22.0,773.0,-,12,21/22,,,13,0.48888888888888893,0.22444444444444445,0.040352648795867516,0.32745832361799,4.135048901715568,0.485,0.39,0.039310859825048006,0.5310843373493976,6.545454545454545
Alcobendas,49.0,22.0,17.0,5.0,55.0,28.0,1904.0,1757.0,7.0,7.0,3.0,1.0,2.0,2.0,196.0,1084.0,-,1,20/21,,,3,0.5822222222222222,0.4811111111111111,0.03693922561312875,0.3242010182894652,7.072279347127218,0.6214285714285713,0.29714285714285715,0.06131676765400275,0.3104801114402059,6.628571428571429
CCO_7_PALMAS,49.0,22.0,16.0,6.0,55.0,25.0,1846.0,1606.0,11.0,3.0,2.0,3.0,1.0,2.0,220.0,1149.0,-,2,20/21,,,6,0.6383333333333333,0.3566666666666667,0.07952154209883894,0.4087194413207169,5.79810366962877,0.6599999999999999,0.33399999999999996,0.06154970606829621,0.3565191098209966,8.215131578947368
Libby's_La_Laguna,49.0,22.0,16.0,6.0,56.0,29.0,1919.0,1707.0,8.0,5.0,3.0,4.0,0.0,2.0,193.0,1124.0,-,3,20/21,,,4,0.7077777777777778,0.32,0.04813219945115244,0.3321367908690044,6.140876900876901,0.78,0.0,,0.0,0.0
Avarca_de_Menorca,47.0,22.0,16.0,6.0,53.0,29.0,1869.0,1687.0,8.0,5.0,3.0,2.0,1.0,3.0,183.0,1108.0,-,4,20/21,,,2,0.5325,0.315,0.05413877025569067,0.3934132277452052,6.518768404797816,0.5842857142857143,0.4342857142857143,0.05188779561004248,0.4015151515151515,4.533672416334955
Sant_Cugat,39.0,22.0,14.0,8.0,49.0,36.0,1914.0,1814.0,6.0,4.0,4.0,1.0,5.0,2.0,136.0,1055.0,-,5,20/21,,,11,0.60875,0.29,0.06365993972792808,0.2310719557300913,6.905167748917749,0.6699999999999999,0.32799999999999996,0.07148714761012523,0.33323268921095006,6.163888888888889
Socuellamos,38.0,22.0,14.0,8.0,48.0,39.0,1961.0,1837.0,5.0,3.0,6.0,2.0,2.0,4.0,123.0,1068.0,-,6,20/21,,,7,0.6587500000000001,0.28375,0.057831716634886676,0.330637324871767,8.096458333333333,0.6725,0.29,0.0518623291390145,0.27161660532987375,6.125
Haro_Rioja,37.0,22.0,13.0,9.0,45.0,42.0,1925.0,1960.0,2.0,7.0,4.0,2.0,2.0,5.0,107.0,982.0,-,7,20/21,,,5,0.54125,0.23875,0.04767938604486038,0.2123923514846765,7.084686147186147,0.6533333333333333,0.34,0.06923639772491388,0.293314260401444,9.53531991744066
Dos_Hermanas,23.0,22.0,6.0,16.0,35.0,55.0,1825.0,2019.0,1.0,3.0,2.0,7.0,3.0,6.0,64.0,904.0,-,8,20/21,,,9,0.52,0.332,0.06134345213288891,0.46283626224711566,6.6215909090909095,0.5442857142857143,0.2928571428571428,0.061493810791516834,0.5138839161395553,7.66967418546366
Emeve,19.0,22.0,6.0,16.0,30.0,54.0,1700.0,1913.0,3.0,0.0,3.0,4.0,4.0,8.0,56.0,889.0,-,9,20/21,,,13,0.696,0.26,0.0625495097497501,0.48439826839826844,5.843264221158958,,,,,
Sayre,18.0,22.0,7.0,15.0,29.0,54.0,1790.0,1906.0,1.0,3.0,3.0,0.0,8.0,7.0,54.0,939.0,-,10,20/21,,,13,0.49000000000000005,0.302,0.05751279416248065,0.5014031007751938,6.805773524720893,0.63,0.35,0.030303030303030304,0.4444444444444444,10.666666666666666
Madrid_Chamberi,15.0,22.0,4.0,18.0,24.0,55.0,1648.0,1801.0,3.0,1.0,0.0,3.0,6.0,9.0,44.0,915.0,-,11,20/21,,,10,0.58,0.33799999999999997,0.06486058316104723,0.4357634678320953,5.577373547505127,0.616,0.312,0.0282377890427426,0.4076275451841684,5.389954751131222
Algar_Surmenor,13.0,22.0,3.0,19.0,24.0,57.0,1641.0,1935.0,3.0,0.0,0.0,4.0,7.0,8.0,42.0,848.0,-,12,20/21,,,8,0.6025,0.3275,0.05743326174587757,0.2679435483870968,4.91380373439197,0.44399999999999995,0.23399999999999999,0.05915491455595914,0.3025049254151421,4.522506265664161
Logroño,57.0,19.0,18.0,1.0,55.0,7.0,1523.0,1038.0,14.0,4.0,0.0,0.0,1.0,0.0,786.0,1467.0,-,1,19/20,,,1,0.6900000000000001,0.3657142857142857,0.06742973156882479,0.32175030124416654,8.198652882205513,0.65,0.36,0.0691096244660371,0.28640136909205377,6.361555876593471
Avarca_de_Menorca,48.0,20.0,16.0,4.0,51.0,23.0,1735.0,1509.0,6.0,9.0,1.0,1.0,1.0,2.0,222.0,1150.0,-,2,19/20,,,5,0.60125,0.44,0.04901865587565734,0.32071732159218164,6.390866873065016,0.65125,0.28500000000000003,0.06925664799456059,0.2265238829341348,7.943082611832612
Alcobendas,43.0,20.0,15.0,5.0,47.0,24.0,1620.0,1442.0,8.0,5.0,2.0,0.0,2.0,3.0,196.0,1123.0,-,3,19/20,,,3,0.627,0.33599999999999997,0.052755798323144525,0.3069657076377737,6.045741626794259,0.5575,0.23,0.03515073990029526,0.11105404551201012,5.552083333333333
Libby's_La_Laguna,40.0,20.0,14.0,6.0,47.0,29.0,1708.0,1589.0,6.0,5.0,3.0,1.0,3.0,2.0,162.0,1075.0,-,4,19/20,,,4,0.687142857142857,0.3,0.05754677539706592,0.45446405970531206,6.326148705096074,0.71,0.236,0.06825932074427613,0.31186584789796884,5.44695238095238
Haro_Rioja,40.0,20.0,13.0,7.0,45.0,30.0,1690.0,1611.0,5.0,7.0,1.0,2.0,2.0,3.0,150.0,1049.0,-,5,19/20,,,7,0.6714285714285715,0.3314285714285714,0.06587961920316614,0.26574450198563043,8.534033613445377,0.51,0.3211111111111111,0.06458094117207135,0.2966304203683998,7.166941013050853
CCO_7_PALMAS,37.0,20.0,12.0,8.0,44.0,28.0,1616.0,1493.0,9.0,2.0,1.0,2.0,4.0,2.0,157.0,1082.0,-,6,19/20,,,6,0.6454545454545454,0.33454545454545453,0.06914334566397923,0.42308375523390845,5.886443381180223,0.546,0.335,0.044754075938807224,0.21580006951922623,5.8215079365079365
Socuellamos,30.0,20.0,10.0,10.0,35.0,37.0,1570.0,1597.0,4.0,5.0,1.0,1.0,3.0,6.0,95.0,983.0,-,7,19/20,,,13,0.635,0.275,0.05333100606447738,0.2802351229705014,6.443450956937799,0.55,0.4,0.059490084985835696,0.3142857142857143,14.142857142857142
Algar_Surmenor,21.0,20.0,7.0,13.0,30.0,47.0,1536.0,1723.0,2.0,2.0,3.0,3.0,3.0,7.0,64.0,892.0,-,8,19/20,,,13,0.5177777777777778,0.2644444444444444,0.06218416347126614,0.46697546312437194,6.605767891952103,0.58,0.42,0.024691358024691357,0.42592592592592593,12.2
Dos_Hermanas,20.0,20.0,7.0,13.0,31.0,45.0,1584.0,1696.0,4.0,0.0,3.0,2.0,6.0,5.0,69.0,934.0,-,9,19/20,,,8,0.6142857142857142,0.30142857142857143,0.06307763145428487,0.5576377813219918,8.34110275689223,0.635,0.27875,0.0558335472509142,0.32014339826839827,5.414082792207792
Madrid_Chamberi,12.0,20.0,3.0,17.0,22.0,53.0,1510.0,1743.0,1.0,2.0,0.0,3.0,7.0,7.0,42.0,866.0,-,10,19/20,,,10,0.585,0.3116666666666667,0.05893041704605035,0.39674802172981694,6.120470352087999,0.5775,0.4,0.04616991157609835,0.29967427892345394,6.713024475524476
Sant_Cugat,11.0,20.0,4.0,16.0,20.0,53.0,1492.0,1687.0,1.0,1.0,2.0,1.0,6.0,9.0,38.0,884.0,-,11,19/20,,,9,0.629,0.286,0.056052326739298546,0.2559845233208561,6.364210526315789,0.54,0.26375,0.05215809819131503,0.199671259999601,5.69237012987013
Barça,1.0,19.0,0.0,19.0,6.0,57.0,1087.0,1543.0,0.0,0.0,0.0,1.0,4.0,14.0,11.0,704.0,-,12,19/20,,,2,0.426,0.246,0.05799230766487248,0.16934293409148343,3.857989203778678,0.265,0.41000000000000003,0.04073131219625087,0.34673659673659674,5.175925925925926
Logroño,60.0,22.0,20.0,2.0,61.0,11.0,1774.0,1331.0,15.0,5.0,0.0,0.0,1.0,1.0,555.0,1333.0,-,1,18/19,,,1,0.668888888888889,0.37444444444444447,0.05712857905635684,0.2837835072148947,5.895796262198499,0.63,0.37375,0.06124709654728407,0.40365700313735925,7.847637014409878
Barça,50.0,22.0,18.0,4.0,59.0,27.0,1987.0,1749.0,8.0,5.0,5.0,1.0,3.0,0.0,219.0,1136.0,-,2,18/19,,,10,0.52875,0.3975,0.05272894828787178,0.32358782276014875,7.8091212330342765,0.6657142857142857,0.2714285714285714,0.06887470381204135,0.3512445887445887,5.775309485835801
Alcobendas,48.0,22.0,16.0,6.0,54.0,27.0,1899.0,1664.0,9.0,5.0,2.0,2.0,2.0,2.0,200.0,1141.0,-,3,18/19,,,9,0.62,0.26571428571428574,0.04394066894506857,0.14709040695924386,5.949829931972789,0.5266666666666667,0.30333333333333334,0.06020849893165412,0.24512836700336701,5.7401002506265675
Libby's_La_Laguna,47.0,22.0,17.0,5.0,53.0,28.0,1839.0,1704.0,8.0,5.0,4.0,0.0,2.0,3.0,189.0,1079.0,-,4,18/19,,,2,0.6618181818181819,0.2981818181818182,0.06929834144477351,0.39451173173743703,6.768623901351174,0.6157142857142857,0.3457142857142857,0.0672332532161214,0.4512849482257099,7.539711871948714
Avarca_de_Menorca,43.0,22.0,14.0,8.0,50.0,33.0,1857.0,1737.0,7.0,5.0,2.0,3.0,2.0,3.0,152.0,1069.0,-,5,18/19,,,5,0.7414285714285713,0.2542857142857143,0.0749169834246515,0.20492321276139228,6.535034013605442,0.64,0.414,0.08928269632969908,0.16475,6.755021645021645
CCO_7_PALMAS,43.0,22.0,14.0,8.0,49.0,33.0,1855.0,1758.0,6.0,7.0,1.0,2.0,3.0,3.0,148.0,1055.0,-,6,18/19,,,4,0.5121428571428571,0.34071428571428575,0.049857239397558345,0.2228693601656262,5.553798185941043,0.54,0.27749999999999997,0.06262185379031965,0.2857764130565769,7.214420289855072
Haro_Rioja,24.0,22.0,8.0,14.0,34.0,49.0,1760.0,1866.0,3.0,3.0,2.0,2.0,6.0,6.0,69.0,943.0,-,7,18/19,,,6,0.4725,0.34,0.06832958794657294,0.23419196896171196,5.945802005012531,0.592,0.266,0.05494701978580022,0.281924971580144,5.3571291866028705
Dos_Hermanas,20.0,22.0,7.0,15.0,29.0,50.0,1675.0,1819.0,3.0,3.0,1.0,0.0,8.0,7.0,58.0,921.0,-,8,18/19,,,7,0.5672727272727273,0.2690909090909091,0.05071931521029715,0.3260770345120123,5.78684457253976,0.585,0.25,0.0549740497392663,0.3927460748792271,7.104256854256854
Sant_Cugat,20.0,22.0,5.0,17.0,29.0,55.0,1658.0,1892.0,2.0,2.0,1.0,6.0,2.0,9.0,53.0,876.0,-,9,18/19,,,8,0.5575,0.26333333333333336,0.052385154397655787,0.2048905807703717,5.282117882117882,0.5185714285714286,0.3057142857142857,0.0766495634495931,0.2593999225706543,4.681418581418582
Madrid_Chamberi,17.0,22.0,6.0,16.0,28.0,58.0,1721.0,1987.0,0.0,2.0,4.0,3.0,4.0,9.0,48.0,866.0,-,10,18/19,,,13,0.5810000000000001,0.39,0.04248200596241939,0.23973942313876315,5.475181485181485,0.47333333333333333,0.33666666666666667,0.045293566471326256,0.27050659264399723,5.411255411255411
Elche,16.0,22.0,5.0,17.0,26.0,58.0,1681.0,1951.0,0.0,3.0,2.0,3.0,5.0,9.0,45.0,862.0,-,11,18/19,,,13,0.4772727272727273,0.24181818181818182,0.05310558327657726,0.16921367511815957,4.649782514136581,0.7,0.115,0.24,0.0,0.5625
Emeve,8.0,22.0,2.0,20.0,20.0,63.0,1705.0,1953.0,0.0,1.0,1.0,3.0,8.0,9.0,32.0,873.0,-,12,18/19,,,13,0.6142857142857142,0.26999999999999996,0.03037575321340801,0.4072972312468111,6.75863739435168,,,,,
Logroño,59.0,22.0,20.0,2.0,64.0,17.0,1914.0,1490.0,12.0,5.0,3.0,2.0,0.0,0.0,376.0,1285.0,-,1,17/18,,,1,0.647,0.328,0.06910975526057725,0.3781719079286066,6.781291429709721,0.70375,0.39125,0.06945811093163555,0.3205732345566832,7.923605931105931
Libby's_La_Laguna,46.0,22.0,17.0,5.0,56.0,31.0,1963.0,1777.0,7.0,4.0,6.0,1.0,3.0,1.0,181.0,1105.0,-,2,17/18,,,13,0.676923076923077,0.3323076923076923,0.052760080180411895,0.4831177328684188,6.269042155498598,0.49000000000000005,0.248,0.05840260856718297,0.560702614379085,4.746112721417069
Tenerife_sur,46.0,22.0,16.0,6.0,55.0,31.0,1983.0,1807.0,8.0,3.0,5.0,3.0,1.0,2.0,177.0,1097.0,-,3,17/18,,,13,0.58,0.435,0.035931831184391076,0.42098214285714286,6.729023892773893,0.6950000000000001,0.32,0.013245033112582781,0.26851851851851855,5.25
CCO_7_PALMAS,45.0,22.0,17.0,5.0,55.0,31.0,1976.0,1807.0,7.0,4.0,6.0,0.0,4.0,1.0,177.0,1094.0,-,4,17/18,,,13,0.533076923076923,0.3353846153846154,0.04930938494423073,0.46940987587393074,6.701395392047567,0.52,0.4,0.10145659678369959,0.5167155425219941,9.595833333333333
Avarca_de_Menorca,43.0,22.0,13.0,9.0,51.0,30.0,1836.0,1689.0,10.0,3.0,0.0,4.0,4.0,1.0,170.0,1087.0,-,5,17/18,,,7,0.6066666666666667,0.40222222222222226,0.06919543109241687,0.2759972318744657,6.641591668565352,0.54125,0.31625000000000003,0.04560506236500492,0.32022464750732943,7.039327485380117
Haro_Rioja,36.0,22.0,12.0,10.0,43.0,38.0,1815.0,1750.0,6.0,4.0,2.0,2.0,3.0,5.0,113.0,1037.0,-,6,17/18,,,3,0.61625,0.31625,0.06602549438970909,0.2911302069407505,7.394580200501253,0.6839999999999999,0.264,0.03572645219704043,0.4259916476012675,5.627950558213716
Dos_Hermanas,34.0,22.0,9.0,13.0,44.0,45.0,1922.0,1907.0,4.0,4.0,1.0,8.0,1.0,4.0,98.0,1008.0,-,7,17/18,,,13,0.5822222222222222,0.29333333333333333,0.07568895487943944,0.5195882349376049,7.058441558441559,0.45,0.29333333333333333,0.0463722998235509,0.4192065795839381,3.674688057040998
Sant_Cugat,30.0,22.0,9.0,13.0,41.0,48.0,1909.0,1941.0,2.0,5.0,2.0,5.0,4.0,4.0,85.0,984.0,-,8,17/18,,,9,0.577,0.282,0.04969203750405055,0.2722951199288112,6.222880452880453,0.5485714285714286,0.2942857142857143,0.04646466554538303,0.41091914531458495,6.921826625386997
Alcobendas,28.0,22.0,10.0,12.0,37.0,44.0,1729.0,1844.0,5.0,2.0,3.0,1.0,5.0,6.0,84.0,938.0,-,9,17/18,,,4,0.5155555555555555,0.31333333333333335,0.049029705951149756,0.2718282697269634,7.6457811194653305,0.5957142857142858,0.2957142857142857,0.07003294268153407,0.28627550258503215,5.647360248447205
Barça,20.0,22.0,7.0,15.0,31.0,55.0,1786.0,1901.0,1.0,2.0,4.0,3.0,4.0,8.0,56.0,940.0,-,10,17/18,,,6,0.63,0.34299999999999997,0.07513683849217073,0.4841244961934617,5.659762094630516,0.5922222222222222,0.25555555555555554,0.058561059052679054,0.4285105289734752,5.22191575356537
VP_Madrid,9.0,22.0,2.0,20.0,16.0,60.0,1501.0,1790.0,2.0,0.0,0.0,3.0,4.0,13.0,27.0,838.0,-,11,17/18,,,10,0.5,0.2675,0.04524225693365925,0.24389130324970812,4.544904401154401,0.356,0.246,0.03773426154307185,0.16791288566243195,2.1653594771241833
Aguere,0.0,22.0,0.0,22.0,3.0,66.0,1091.0,1722.0,0.0,0.0,0.0,0.0,3.0,19.0,5.0,634.0,-,12,17/18,,,5,0.5490909090909091,0.19090909090909092,0.048434648585348,0.17975467818674304,4.1285334548492445,0.36,0.175,0.04526748971193415,0.18645833333333334,2.6631944444444446
Logroño,59.0,20.0,20.0,0.0,60.0,6.0,1625.0,1107.0,15.0,4.0,1.0,0.0,0.0,0.0,1000.0,1468.0,-,1,16/17,,,1,0.6754545454545454,0.34909090909090906,0.07355203620135166,0.39466010956541003,6.383505993907064,0.5811111111111111,0.41333333333333333,0.06416440240644791,0.32704596674965736,7.171815591815592
Haris,50.0,20.0,17.0,3.0,52.0,20.0,1671.0,1483.0,7.0,9.0,1.0,0.0,1.0,2.0,260.0,1127.0,-,2,16/17,,,2,0.5445454545454546,0.33454545454545453,0.055492511136170916,0.5140428364401971,4.722832167832167,0.6083333333333333,0.34,0.044011760815039505,0.3273567311132627,7.906565656565657
Haro_Rioja,41.0,20.0,13.0,7.0,49.0,29.0,1755.0,1564.0,7.0,4.0,2.0,4.0,2.0,1.0,169.0,1122.0,-,3,16/17,,,3,0.6719999999999999,0.365,0.04583812154153571,0.3214702572122852,6.55629117259552,0.51,0.28833333333333333,0.0478187076878489,0.367660110720564,9.067212475633529
Alcobendas,34.0,20.0,12.0,8.0,43.0,36.0,1767.0,1704.0,4.0,4.0,4.0,2.0,3.0,3.0,119.0,1037.0,-,4,16/17,,,4,0.5940000000000001,0.321,0.06921049250795759,0.3363559827465924,6.7339390341116685,0.7066666666666667,0.33166666666666667,0.05506789893576694,0.309918794681965,8.672387490465294
Aguere,32.0,20.0,11.0,9.0,40.0,36.0,1665.0,1600.0,5.0,3.0,3.0,2.0,3.0,4.0,111.0,1041.0,-,5,16/17,,,8,0.600909090909091,0.26,0.03945351361701693,0.341270888169813,6.070936345552713,0.56,0.2725,0.0630506156354086,0.294115990990991,8.117105263157894
Barça,28.0,20.0,10.0,10.0,34.0,37.0,1544.0,1583.0,5.0,3.0,2.0,0.0,4.0,6.0,92.0,975.0,-,6,16/17,,,9,0.472,0.22199999999999998,0.05050274902717265,0.46996223131476933,4.9189135140222096,0.4425,0.235,0.03500081431904994,0.1742600222066386,5.7625
Avarca_de_Menorca,28.0,20.0,8.0,12.0,36.0,41.0,1643.0,1686.0,4.0,3.0,1.0,5.0,2.0,5.0,88.0,974.0,-,7,16/17,,,7,0.536,0.372,0.049108648101348,0.30438509059329727,6.225165855816011,0.6233333333333334,0.26666666666666666,0.05853381676045404,0.4281963545062137,6.753880070546738
Gran_Canaria,21.0,20.0,7.0,13.0,34.0,47.0,1681.0,1830.0,2.0,2.0,3.0,3.0,7.0,3.0,72.0,919.0,-,8,16/17,,,13,0.476,0.403,0.05757381012768555,0.42167240804400546,7.911111111111111,0.664,0.2,0.09032992103560981,0.353089430894309,4.59968253968254
Sant_Cugat,17.0,20.0,6.0,14.0,28.0,49.0,1590.0,1739.0,2.0,1.0,3.0,2.0,6.0,6.0,57.0,914.0,-,9,16/17,,,13,0.5554545454545455,0.2618181818181818,0.055390725458578004,0.3625041025739278,5.5411786028025825,0.5,0.3,0.08076923076923077,0.35294117647058826,2.3
VP_Madrid,12.0,20.0,4.0,16.0,18.0,52.0,1281.0,1659.0,1.0,2.0,1.0,1.0,4.0,11.0,35.0,772.0,-,10,16/17,,,10,0.43250000000000005,0.24916666666666668,0.05242118211616055,0.17201014052322136,4.012682850918146,0.46699999999999997,0.29100000000000004,0.05242391828638293,0.2619796432839911,4.385
Extremadura_Arroyo,8.0,20.0,2.0,18.0,16.0,57.0,1435.0,1702.0,0.0,1.0,1.0,3.0,4.0,11.0,28.0,843.0,-,11,16/17,,,11,0.5025000000000001,0.22375,0.0630441296528265,0.22342367191611334,6.278233574131407,0.6125,0.25,0.0456770185781617,0.22382988550359975,5.089440359477124
Logroño,59.0,20.0,20.0,0.0,60.0,7.0,1643.0,1227.0,14.0,5.0,1.0,0.0,0.0,0.0,857.0,1339.0,-,1,15/16,,,13,0.563,0.418,0.05924494822508751,0.3624296053688093,7.041776889776889,0.74375,0.375,0.0764599150234595,0.4327957760901551,8.037857142857144
Haris,45.0,20.0,16.0,4.0,51.0,25.0,1732.0,1628.0,7.0,5.0,4.0,1.0,1.0,2.0,204.0,1064.0,-,2,15/16,,,13,0.522,0.309,0.07984027547302831,0.46642067914707247,6.4784937888198755,0.6175,0.3875,0.05464473892043918,0.4218206601827291,10.72874579124579
Haro_Rioja,40.0,20.0,14.0,6.0,47.0,29.0,1739.0,1574.0,6.0,5.0,3.0,1.0,3.0,2.0,162.0,1105.0,-,3,15/16,,,13,0.5471428571428572,0.29714285714285715,0.05972019309270441,0.294416532031981,8.618455988455988,0.38,0.36,0.05914964427011699,0.4988095238095238,4.282727272727273
Alcobendas,39.0,20.0,13.0,7.0,46.0,30.0,1733.0,1664.0,6.0,5.0,2.0,2.0,3.0,2.0,153.0,1042.0,-,4,15/16,,,13,0.639,0.28300000000000003,0.0484492576523089,0.33665825696483687,6.095227366074048,0.6625,0.27999999999999997,0.05923228861759596,0.232924811179316,5.633458646616541
Leadernet,36.0,20.0,13.0,7.0,46.0,32.0,1753.0,1639.0,7.0,1.0,5.0,2.0,3.0,2.0,144.0,1070.0,-,5,15/16,,,13,0.6377777777777778,0.31777777777777777,0.06710395574343347,0.4189655751881817,7.9944444444444445,0.648,0.302,0.0493841746532665,0.2997901706137,7.45642328042328
CCO_7_PALMAS,30.0,20.0,9.0,11.0,36.0,39.0,1614.0,1641.0,4.0,4.0,1.0,4.0,1.0,6.0,92.0,984.0,-,6,15/16,,,13,0.0,,,,,,,,,
Avarca_de_Menorca,24.0,20.0,9.0,11.0,32.0,44.0,1611.0,1730.0,1.0,5.0,3.0,0.0,5.0,6.0,73.0,931.0,-,7,15/16,,,13,0.542,0.252,0.05874972713057817,0.3829647577228973,6.339883040935673,0.5660000000000001,0.284,0.07278546873636402,0.2596785487655787,5.716908581614463
Aguere,20.0,20.0,5.0,15.0,28.0,50.0,1628.0,1752.0,0.0,5.0,0.0,5.0,3.0,7.0,56.0,929.0,-,8,15/16,,,13,0.5269999999999999,0.332,0.048416510929387174,0.4380502333384836,8.058062200956938,0.648,0.28200000000000003,0.05622640818298698,0.5006391690801958,6.979220779220779
Barça,13.0,20.0,4.0,16.0,25.0,53.0,1641.0,1810.0,1.0,1.0,2.0,3.0,7.0,6.0,47.0,907.0,-,9,15/16,,,13,0.48625,0.23625000000000002,0.036259706396588855,0.1852430952697922,7.125,0.59,0.33625,0.044471082828225685,0.3286722222791052,7.146201437096578
VP_Madrid,13.0,20.0,4.0,16.0,23.0,52.0,1536.0,1760.0,1.0,2.0,1.0,2.0,7.0,7.0,44.0,873.0,-,10,15/16,,,13,0.471,0.267,0.07268864556183197,0.2633193148483818,6.484999999999999,,,,,
Extremadura_Arroyo,11.0,20.0,3.0,17.0,22.0,55.0,1604.0,1809.0,0.0,2.0,1.0,3.0,7.0,7.0,40.0,887.0,-,11,15/16,,,13,0.558,0.21200000000000002,0.04983879724743259,0.14724386432950695,5.575718954248366,0.5466666666666666,0.18666666666666668,0.07711887727022565,0.2450155073105893,5.863636363636364
,,,,,,,,,,,,,,,,,,1,14/15,,UCAM VÃ³ley Murcia,13,0.0,,,,,,,,,
Murillo,62.0,22.0,21.0,1.0,64.0,8.0,1761.0,1292.0,17.0,3.0,1.0,0.0,1.0,0.0,800.0,1363.0,-,1,13/14,,,13,0.754,0.37,0.0726475261450324,0.45045444002259705,6.742685185185185,,,,,
Leadernet,54.0,22.0,18.0,4.0,58.0,17.0,1791.0,1432.0,14.0,3.0,1.0,1.0,2.0,1.0,341.0,1251.0,-,2,13/14,,,13,0.653,0.281,0.09469710181721702,0.30912820287820286,6.323024531024531,,,,,
Barça,42.0,22.0,15.0,7.0,49.0,35.0,1870.0,1759.0,6.0,4.0,5.0,2.0,0.0,5.0,140.0,1063.0,-,3,13/14,,,13,0.5622222222222222,0.37,0.05842126773494577,0.2858737407160486,7.123024059865492,,,,,
Gran_Canaria,38.0,22.0,12.0,10.0,46.0,37.0,1869.0,1739.0,7.0,3.0,2.0,4.0,2.0,4.0,124.0,1075.0,-,4,13/14,,,13,0.6388888888888888,0.2833333333333333,0.06726322884165925,0.3320030623022675,8.459456962790297,,,,,
Menorca,37.0,22.0,13.0,9.0,46.0,41.0,1896.0,1890.0,3.0,6.0,4.0,2.0,3.0,4.0,112.0,1003.0,-,5,13/14,,,13,0.51125,0.2425,0.08192983832859224,0.3132821078110884,7.086985930735931,,,,,
Haro_Rioja,36.0,22.0,11.0,11.0,42.0,39.0,1752.0,1774.0,6.0,4.0,1.0,4.0,1.0,6.0,108.0,988.0,-,6,13/14,,,13,0.58875,0.39375,0.06067045406644695,0.2635744220179672,7.079761904761905,,,,,
Alcobendas,33.0,22.0,11.0,11.0,42.0,39.0,1791.0,1754.0,7.0,2.0,2.0,2.0,5.0,4.0,108.0,1021.0,-,7,13/14,,,13,0.6525,0.3225,0.053649737757071214,0.2630004237072781,7.589781271360219,,,,,
Extremadura_Arroyo,32.0,21.0,10.0,11.0,36.0,39.0,1775.0,1789.0,5.0,4.0,1.0,1.0,4.0,6.0,92.0,992.0,-,8,13/14,,,13,0.5825,0.24625,0.05136135739855854,0.19854489369034858,6.633297258297258,,,,,
Vall_Hebron,27.0,22.0,9.0,13.0,37.0,48.0,1782.0,1855.0,4.0,1.0,4.0,4.0,2.0,7.0,77.0,961.0,-,9,13/14,,,13,0.6035714285714285,0.27214285714285713,0.04442579485465199,0.2960224909509776,5.102258283696253,,,,,
Aguere,19.0,22.0,7.0,15.0,27.0,53.0,1669.0,1873.0,2.0,2.0,3.0,1.0,4.0,10.0,51.0,891.0,-,10,13/14,,,13,0.625,0.3025,0.050134962893518126,0.4466323472708922,7.275703463203463,,,,,
Sant_Cugat,12.0,21.0,3.0,18.0,19.0,56.0,1562.0,1863.0,1.0,2.0,0.0,2.0,6.0,10.0,34.0,838.0,-,11,13/14,,,13,0.575,0.2608333333333333,0.056966442785089326,0.3107799153689681,4.931147443028248,,,,,
UCAM_Murcia,4.0,22.0,1.0,21.0,10.0,64.0,1303.0,1801.0,0.0,1.0,0.0,1.0,5.0,15.0,16.0,724.0,-,12,13/14,,,13,0.51,0.2736363636363636,0.0450557773091047,0.30399959553241834,5.445887445887446,,,,,
